아,기타,불구하고,꽈당,어떤것,한다면,차라리,은,ㅅ
휴,첫번째로,얼마든지,응당,관계가 있다,등,하는 편이 낫다,는,ㄴ
아이구,나머지는,마음대로,해야한다,관련이 있다,등등,흐흐,께,ㄹ
아이쿠,그중에서,주저하지 않고,에 가서,연관되다,제,그런 까닭에,서,을까요
아이고,견지에서,곧,각,어떤것들,겨우,상대적으로 말하자면,인,입니다
어,형식으로 쓰여,즉시,각각,에 대해,단지,마치,인데,으냐
나,입장에서,바로,여러분,이리하여,다만,아니라면,데,라는
우리,위해서,당장,각종,그리하여,할뿐,쉿,대,으랴
저희,단지,하자마자,각자,여부,딩동,그렇지 않으면,도,아도
따라,의해되다,밖에 안된다,제각기,하기보다는,댕그,그렇지 않다면,한,려고
의해,하도록시키다,하면된다,하도록하다,하느니,대해서,안 그러면,지,는지
을,뿐만아니라,그래,와,하면 할수록,대하여,아니었다면,같,려든
를,반대로,그렇지,과,운운,대하면,하든지,다,라니
에,전후,요컨대,그러므로,이러이러하다,훨씬,아니면,려거든,라고
의,전자,다시 말하자면,그래서,하구나,얼마나,이라면,야,드니
가,앞의것,바꿔 말하면,고로,하도다,얼마만큼,알 수 있다,되,합니까
으로,잠시,즉,한 까닭에,다시말하면,얼마큼,알았어,란다,는다고
로,잠깐,구체적으로,하기 때문에,다음으로,남짓,하는것도,고,입니까
에게,하면서,말하자면,거니와,에 있다,여,그만이다,았,아라
뿐이다,그렇지만,시작하여,이지만,에 달려 있다,얼마간,어쩔수 없다,엔,된
의거하여,다음에,시초에,대하여,우리,약간,하나,고,인지라
근거하여,그러한즉,이상,관하여,우리들,다소,결론을 낼 수 있다,쳐라,단다
입각하여,그런즉,허,관한,오히려,좀,일반적으로,더,엇다
기준으로,남들,헉,과연,하기는한데,조금,일단,만,라더라
예하면,아무거나,허걱,실로,어떻게,다수,한켠으로는,있,기에
예를 들면,어찌하든지,바와같이,아니나다를가,어떻해,몇,오자마자,게,면
예를 들자면,같다,해도좋다,생각한대로,어찌됏어,얼마,이렇게되면,러,려
저,비슷하다,해도된다,진짜로,어때,지만,이와같다면,니,잇
소인,예컨대,게다가,한적이있다,어째서,하물며,전부,지라도,여도
소생,이럴정도로,더구나,하곤하였다,본대로,또한,한마디,으면,로구나
저희,어떻게,하물며,하,자,그러나,한항목,었,는듸
지말고,만약,와르르,하하,이,그렇지만,근거로,였,납니다
하지마,만일,팍,허허,이쪽,하지만,하기에,더니,아닌데
하지마라,위에서 서술한바와같이,퍽,아하,여기,이외에도,아울러,던,구려
다른,인 듯하다,펄렁,거바,이것,대해 말하자면,하지 않도록,으며,지요
물론,하지 않는다면,동안,와,이번,뿐이다,않기 위해서,하며,려는고
또한,만약에,이래,오,이렇게말하자면,다음에,이르기까지,건만,아서
그리고,무엇,하고있었다,왜,이런,반대로,이 되다,면서,러라
비길수 없다,무슨,이었다,어째서,이러한,반대로 말하자면,로 인하여,즈음,
해서는 안된다,어느,에서,무엇때문에,이와 같은,이와 반대로,까닭으로,라도,
뿐만 아니라,어떤,로부터,어찌,요만큼,바꾸어서 말하면,이유만으로,로운,
만이 아니다,아래윗,까지,하겠는가,요만한 것,바꾸어서 한다면,,는가,
만은 아니다,조차,예하면,무슨,얼마 안 되는 것,만약,,라,
막론하고,한데,했어요,어디,이만큼,그렇지않으면,,노라,
관계없이,그럼에도 불구하고,해요,어느곳,이 정도의,까악,,다가,
그치지 않다,여전히,함께,더군다나,이렇게 많은 것,툭,,으니,
그러나,심지어,같이,하물며,이와 같다,딱,,다는,
그런데,까지도,더불어,더욱이는,이때,삐걱거리다,,보다,
하지만,조차도,마저,어느때,이렇구나,보드득,,다니,
든간에,하지 않도록,마저도,언제,것과 같이,비걱거리다,,더니,
논하지 않다,않기 위하여,양자,이로 인하여,끼익,어찌,,이나,
따지지 않다,때,모두,이봐,삐걱,설마,,든,
설사,시각,습니다,어이,따위,차라리,,거린다,
비록,무렵,가까스로,여보시오,와 같은 사람들,할지언정,,듯이,
더라도,시간,하려고하다,흐흐,부류의 사람들,할지라도,,려던,
아니면,동안,즈음하여,흥,왜냐하면,할망정,,마다,
만 못하다,어때,다른,휴,중의하나,할지언정,,구나,
하는 편이 낫다,어떠한,다른 방면으로,헉헉,오직,구토하다,,며,
불문하고,하여금,해봐요,헐떡헐떡,오로지,게우다,,이라도,
향하여,네,습니까,영차,에 한하다,토하다,,다고,
향해서,예,했어요,여차,하기만 하면,메쓰겁다,,더냐,
향하다,우선,말할것도 없고,어기여차,도착하다,옆사람,,리,
쪽으로,누구,무릎쓰고,끙끙,까지 미치다,퉤,,거라,
틈타,누가 알겠는가,개의치않고,아야,도달하다,쳇,,리,
이용하여,아무도,하는것만 못하다,앗,정도에 이르다,의거하여,,하리,
타다,줄은모른다,하는것이 낫다,아야,할 지경이다,근거하여,,한다,
오르다,줄은 몰랏다,매,콸콸,결과에 이르다,의해,,요,
제외하고,하는 김에,매번,졸졸,관해서는,따라,,이요,
이 외에,겸사겸사,들,좍좍,여러분,힘입어,,으,
이 밖에,하는바,모,뚝뚝,하고 있다,그,,느냐,
하여야,그런 까닭에,어느것,주룩주룩,한 후,다음,,겠,
비로소,한 이유는,어느,솨,혼자,버금,,련다,
한다면 몰라도,그러니,로써,우르르,자기,두번째로,,는데,
외에도,그러니까,갖고말하자면,그래도,자기집,있다,,드냐,
이곳,때문에,어디,또,자신,하게될것이다,,랍니다,
여기,그,어느쪽,그리고,우에 종합한것과같이,일것이다,,된다,
부터,너희,어느것,바꾸어말하면,총적으로 보면,비교적,,나요,
기점으로,그들,어느해,바꾸어말하자면,총적으로 말하면,좀,,더라,
따라서,너희들,어느 년도,혹은,총적으로,보다더,,던고,
할 생각이다,타인,라 해도,혹시,대로 하다,비하면,,너라,
하려고하다,것,언젠가,답다,으로서,시키다,,이다,
이리하여,것들,어떤것,및,참,하게하다,,읍니까,
그리하여,너,어느것,그에 따르는,그만이다,할만하다,,도다,
그렇게 함으로써,위하여,저기,때가 되어,할 따름이다,의해서,,할까,
하지만,공동으로,저쪽,즉,쿵,연이서,,랴,
일때,동시에,저것,지든지,탕탕,이어서,,너라,
할때,하기 위하여,그때,설령,쾅쾅,잇따라,,어도,
앞에서,어찌하여,그럼,가령,둥둥,뒤따라,,채,
중에서,무엇때문에,그러면,하더라도,봐,뒤이어,,거나,
보는데서,붕붕,요만한걸,할지라도,봐라,결국,,어다,
으로써,윙윙,그래,일지라도,아이야,의지하여,,랴,
로써,나,그때,지든지,아니,기대여,,마라,
까지,우리,저것만큼,몇,와아,통하여,,워라,
해야한다,엉엉,그저,거의,응,자마자,,인가,
일것이다,휘익,이르기까지,하마터면,아이,더욱더,,려도,
반드시,윙윙,할 줄 안다,인젠,참나,그위에,,지마는,
할줄알다,오호,할 힘이 있다,이젠,그래서,게다가,,거,
할수있다,아하,너,된바에야,이 때문에,점에서 보아,,느니,
할수있어,어쨋든,너희,된이상,그러므로,비추어 보아,,니다,
임에 틀림없다,만 못하다하기보다는,으로 인하여,만큼어찌됏든,령,고려하면,,합니다,
